id|name|usuario|email|pasaporte|cedula|password|tipo|status|deleted_at|remember_token|created_at|updated_at|observaciones
1|HORI LAL PAL|usuario1|usuario1@mail.com|||$2y$10$.3NQ9Wn0CBPFvPM.eUkzIOIdY86T9YOK.yxbITaxRmAm6oP4YSbU6|propietario|1|||2016-5-18 11:00:00|2016-5-18 11:00:00| $187.67 
2|FERNANDO CARLOS VELIZ FERNANDEZ, MARIA MARGARITA MARTIN DE VELIZ|usuario2|usuario2@mail.com|||$2y$10$.3NQ9Wn0CBPFvPM.eUkzIOIdY86T9YOK.yxbITaxRmAm6oP4YSbU6|propietario|1|||2016-5-18 11:00:00|2016-5-18 11:00:00| $188.22 
3|SEAWAVES 6C, S.A.|usuario3|usuario3@mail.com|||$2y$10$.3NQ9Wn0CBPFvPM.eUkzIOIdY86T9YOK.yxbITaxRmAm6oP4YSbU6|propietario|1|||2016-5-18 11:00:00|2016-5-18 11:00:00| $150.53 
4|PROMOTORA CARIBE,S.A.|usuario4|usuario4@mail.com|||$2y$10$.3NQ9Wn0CBPFvPM.eUkzIOIdY86T9YOK.yxbITaxRmAm6oP4YSbU6|propietario|1|||2016-5-18 11:00:00|2016-5-18 11:00:00| $150.84 
5|RODOLFO ENRIQUE CORONA SALAS |usuario5|usuario5@mail.com|||$2y$10$.3NQ9Wn0CBPFvPM.eUkzIOIdY86T9YOK.yxbITaxRmAm6oP4YSbU6|propietario|1|||2016-5-18 11:00:00|2016-5-18 11:00:00| $187.67 
6|ALEJANDRA PALACIOS GINNARI|usuario6|usuario6@mail.com|||$2y$10$.3NQ9Wn0CBPFvPM.eUkzIOIdY86T9YOK.yxbITaxRmAm6oP4YSbU6|propietario|1|||2016-5-18 11:00:00|2016-5-18 11:00:00| $188.22 
7|OSCAR LAHUERTA ALMAZAN, CELIA LAHUERTA ALMAZAN|usuario7|usuario7@mail.com|||$2y$10$.3NQ9Wn0CBPFvPM.eUkzIOIdY86T9YOK.yxbITaxRmAm6oP4YSbU6|propietario|1|||2016-5-18 11:00:00|2016-5-18 11:00:00| $150.53 
8|JAMES GABRIEL SULTAN|usuario8|usuario8@mail.com|||$2y$10$.3NQ9Wn0CBPFvPM.eUkzIOIdY86T9YOK.yxbITaxRmAm6oP4YSbU6|propietario|1|||2016-5-18 11:00:00|2016-5-18 11:00:00| $150.84 
9|BRIAN ROBERT TECLAW|usuario9|usuario9@mail.com|||$2y$10$.3NQ9Wn0CBPFvPM.eUkzIOIdY86T9YOK.yxbITaxRmAm6oP4YSbU6|propietario|1|||2016-5-18 11:00:00|2016-5-18 11:00:00| $187.67 
10|IMPELARA,S.A.|usuario10|usuario10@mail.com|||$2y$10$.3NQ9Wn0CBPFvPM.eUkzIOIdY86T9YOK.yxbITaxRmAm6oP4YSbU6|propietario|1|||2016-5-18 11:00:00|2016-5-18 11:00:00| $188.22 
11|MARTA GUILLEN DE ROIG, RAMON ORLANDO ROIG DUMONT|usuario11|usuario11@mail.com|||$2y$10$.3NQ9Wn0CBPFvPM.eUkzIOIdY86T9YOK.yxbITaxRmAm6oP4YSbU6|propietario|1|||2016-5-18 11:00:00|2016-5-18 11:00:00| $150.53 
12|HECTOR GALASO|usuario12|usuario12@mail.com|||$2y$10$.3NQ9Wn0CBPFvPM.eUkzIOIdY86T9YOK.yxbITaxRmAm6oP4YSbU6|propietario|1|||2016-5-18 11:00:00|2016-5-18 11:00:00| $150.84 
13|ROBERTO JACINTO CHOCKEE LOPEZ|usuario13|usuario13@mail.com|||$2y$10$.3NQ9Wn0CBPFvPM.eUkzIOIdY86T9YOK.yxbITaxRmAm6oP4YSbU6|propietario|1|||2016-5-18 11:00:00|2016-5-18 11:00:00| $187.67 
14|OSCAR LAHUERTA ALMAZAN|usuario14|usuario14@mail.com|||$2y$10$.3NQ9Wn0CBPFvPM.eUkzIOIdY86T9YOK.yxbITaxRmAm6oP4YSbU6|propietario|1|||2016-5-18 11:00:00|2016-5-18 11:00:00| $188.22 
15|GAETANO CURIA|usuario15|usuario15@mail.com|||$2y$10$.3NQ9Wn0CBPFvPM.eUkzIOIdY86T9YOK.yxbITaxRmAm6oP4YSbU6|propietario|1|||2016-5-18 11:00:00|2016-5-18 11:00:00| $150.53 
16|GAETANO CURIA|usuario16|usuario16@mail.com|||$2y$10$.3NQ9Wn0CBPFvPM.eUkzIOIdY86T9YOK.yxbITaxRmAm6oP4YSbU6|propietario|1|||2016-5-18 11:00:00|2016-5-18 11:00:00| $150.84 
17|RAMSES FRANCIS VEGA MURILLO, FATIMA LISSET BEITIA ARAUZ|usuario17|usuario17@mail.com|||$2y$10$.3NQ9Wn0CBPFvPM.eUkzIOIdY86T9YOK.yxbITaxRmAm6oP4YSbU6|propietario|1|||2016-5-18 11:00:00|2016-5-18 11:00:00| $187.67 
18|MARIANELLA JOSEFINA BETANCOURT DE RUIZ |usuario18|usuario18@mail.com|||$2y$10$.3NQ9Wn0CBPFvPM.eUkzIOIdY86T9YOK.yxbITaxRmAm6oP4YSbU6|propietario|1|||2016-5-18 11:00:00|2016-5-18 11:00:00| $188.22 
19|LUIS ALFREDO NAVAS GARCIA|usuario19|usuario19@mail.com|||$2y$10$.3NQ9Wn0CBPFvPM.eUkzIOIdY86T9YOK.yxbITaxRmAm6oP4YSbU6|propietario|1|||2016-5-18 11:00:00|2016-5-18 11:00:00| $150.53 
20|VICTORIA KOUZNETSOVA|usuario20|usuario20@mail.com|||$2y$10$.3NQ9Wn0CBPFvPM.eUkzIOIdY86T9YOK.yxbITaxRmAm6oP4YSbU6|propietario|1|||2016-5-18 11:00:00|2016-5-18 11:00:00| $150.84 
21|EDUARDO ALBERTO HUN TAM|usuario21|usuario21@mail.com|||$2y$10$.3NQ9Wn0CBPFvPM.eUkzIOIdY86T9YOK.yxbITaxRmAm6oP4YSbU6|propietario|1|||2016-5-18 11:00:00|2016-5-18 11:00:00| $187.67 
22|KENTEL PATEL|usuario22|usuario22@mail.com|||$2y$10$.3NQ9Wn0CBPFvPM.eUkzIOIdY86T9YOK.yxbITaxRmAm6oP4YSbU6|propietario|1|||2016-5-18 11:00:00|2016-5-18 11:00:00| $188.22 
23|CELIA LAHUERTA ALMAZAN|usuario23|usuario23@mail.com|||$2y$10$.3NQ9Wn0CBPFvPM.eUkzIOIdY86T9YOK.yxbITaxRmAm6oP4YSbU6|propietario|1|||2016-5-18 11:00:00|2016-5-18 11:00:00| $150.53 
24|JAMES GABRIEL SULTAN|usuario24|usuario24@mail.com|||$2y$10$.3NQ9Wn0CBPFvPM.eUkzIOIdY86T9YOK.yxbITaxRmAm6oP4YSbU6|propietario|1|||2016-5-18 11:00:00|2016-5-18 11:00:00| $150.84 
25|ALFONSO VICTORIA GOMEZ|usuario25|usuario25@mail.com|||$2y$10$.3NQ9Wn0CBPFvPM.eUkzIOIdY86T9YOK.yxbITaxRmAm6oP4YSbU6|propietario|1|||2016-5-18 11:00:00|2016-5-18 11:00:00| $187.67 
26|BENJAMIN FRANKLIN BONFANTI|usuario26|usuario26@mail.com|||$2y$10$.3NQ9Wn0CBPFvPM.eUkzIOIdY86T9YOK.yxbITaxRmAm6oP4YSbU6|propietario|1|||2016-5-18 11:00:00|2016-5-18 11:00:00| $188.22 
27|SEAWAVES PANAMA, CORP.|usuario27|usuario27@mail.com|||$2y$10$.3NQ9Wn0CBPFvPM.eUkzIOIdY86T9YOK.yxbITaxRmAm6oP4YSbU6|propietario|1|||2016-5-18 11:00:00|2016-5-18 11:00:00| $150.53 
28|ALEXEY FIMANOV|usuario28|usuario28@mail.com|||$2y$10$.3NQ9Wn0CBPFvPM.eUkzIOIdY86T9YOK.yxbITaxRmAm6oP4YSbU6|propietario|1|||2016-5-18 11:00:00|2016-5-18 11:00:00| $150.84 
29|CAMILO ANDRES PINILLA DAZA, DILSA LORENA CRUZ SAAVEDRA|usuario29|usuario29@mail.com|||$2y$10$.3NQ9Wn0CBPFvPM.eUkzIOIdY86T9YOK.yxbITaxRmAm6oP4YSbU6|propietario|1|||2016-5-18 11:00:00|2016-5-18 11:00:00| $187.67 
30|SW RENTAL, S.A.|usuario30|usuario30@mail.com|||$2y$10$.3NQ9Wn0CBPFvPM.eUkzIOIdY86T9YOK.yxbITaxRmAm6oP4YSbU6|propietario|1|||2016-5-18 11:00:00|2016-5-18 11:00:00| $188.22 
31|SEAWEAVES 13C, S.A.|usuario31|usuario31@mail.com|||$2y$10$.3NQ9Wn0CBPFvPM.eUkzIOIdY86T9YOK.yxbITaxRmAm6oP4YSbU6|propietario|1|||2016-5-18 11:00:00|2016-5-18 11:00:00| $150.53 
32|CCB TRUST CORP|usuario32|usuario32@mail.com|||$2y$10$.3NQ9Wn0CBPFvPM.eUkzIOIdY86T9YOK.yxbITaxRmAm6oP4YSbU6|propietario|1|||2016-5-18 11:00:00|2016-5-18 11:00:00| $150.84 
33|SW RENTALS, S.A.|usuario33|usuario33@mail.com|||$2y$10$.3NQ9Wn0CBPFvPM.eUkzIOIdY86T9YOK.yxbITaxRmAm6oP4YSbU6|propietario|1|||2016-5-18 11:00:00|2016-5-18 11:00:00| $187.67 
34|RAUL CHANG RIVAS|usuario34|usuario34@mail.com|||$2y$10$.3NQ9Wn0CBPFvPM.eUkzIOIdY86T9YOK.yxbITaxRmAm6oP4YSbU6|propietario|1|||2016-5-18 11:00:00|2016-5-18 11:00:00| $188.22 
35|SILCRIS,S.A.|usuario35|usuario35@mail.com|||$2y$10$.3NQ9Wn0CBPFvPM.eUkzIOIdY86T9YOK.yxbITaxRmAm6oP4YSbU6|propietario|1|||2016-5-18 11:00:00|2016-5-18 11:00:00| $150.53 
36|SEAWAVES 14D, S.A.,|usuario36|usuario36@mail.com|||$2y$10$.3NQ9Wn0CBPFvPM.eUkzIOIdY86T9YOK.yxbITaxRmAm6oP4YSbU6|propietario|1|||2016-5-18 11:00:00|2016-5-18 11:00:00| $150.84 
37|ARCOS DE AGUA S.A.|usuario37|usuario37@mail.com|||$2y$10$.3NQ9Wn0CBPFvPM.eUkzIOIdY86T9YOK.yxbITaxRmAm6oP4YSbU6|propietario|1|||2016-5-18 11:00:00|2016-5-18 11:00:00| $194.22 
38|16 WAVES ,S.A.|usuario38|usuario38@mail.com|||$2y$10$.3NQ9Wn0CBPFvPM.eUkzIOIdY86T9YOK.yxbITaxRmAm6oP4YSbU6|propietario|1|||2016-5-18 11:00:00|2016-5-18 11:00:00| $194.90 
39|INVERSIONES EL ANCLA PANAMA, S.A.|usuario39|usuario39@mail.com|||$2y$10$.3NQ9Wn0CBPFvPM.eUkzIOIdY86T9YOK.yxbITaxRmAm6oP4YSbU6|propietario|1|||2016-5-18 11:00:00|2016-5-18 11:00:00| $164.66 
40|JORGE LUIS LOPEZ PEREZ|usuario40|usuario40@mail.com|||$2y$10$.3NQ9Wn0CBPFvPM.eUkzIOIdY86T9YOK.yxbITaxRmAm6oP4YSbU6|propietario|1|||2016-5-18 11:00:00|2016-5-18 11:00:00| $163.56 
41|PROMOTORA CARIBE, S.A.|usuario41|usuario41@mail.com|||$2y$10$.3NQ9Wn0CBPFvPM.eUkzIOIdY86T9YOK.yxbITaxRmAm6oP4YSbU6|propietario|1|||2016-5-18 11:00:00|2016-5-18 11:00:00| $194.22 
42|CHEN PROPERTY, INC.,|usuario42|usuario42@mail.com|||$2y$10$.3NQ9Wn0CBPFvPM.eUkzIOIdY86T9YOK.yxbITaxRmAm6oP4YSbU6|propietario|1|||2016-5-18 11:00:00|2016-5-18 11:00:00| $194.90 
43|SEAWAVES 16C,S.A.|usuario43|usuario43@mail.com|||$2y$10$.3NQ9Wn0CBPFvPM.eUkzIOIdY86T9YOK.yxbITaxRmAm6oP4YSbU6|propietario|1|||2016-5-18 11:00:00|2016-5-18 11:00:00| $164.66 
44|GABRIELA ANGELINA ULLOA VALDES|usuario44|usuario44@mail.com|||$2y$10$.3NQ9Wn0CBPFvPM.eUkzIOIdY86T9YOK.yxbITaxRmAm6oP4YSbU6|propietario|1|||2016-5-18 11:00:00|2016-5-18 11:00:00| $163.56 
45|MEITNER GONZALEZ CAZORLA|usuario45|usuario45@mail.com|||$2y$10$.3NQ9Wn0CBPFvPM.eUkzIOIdY86T9YOK.yxbITaxRmAm6oP4YSbU6|propietario|1|||2016-5-18 11:00:00|2016-5-18 11:00:00| $194.22 
46|OSCAR LAHUERTA ALMAZAN, CELIA LAHUERTA ALMANZAN|usuario46|usuario46@mail.com|||$2y$10$.3NQ9Wn0CBPFvPM.eUkzIOIdY86T9YOK.yxbITaxRmAm6oP4YSbU6|propietario|1|||2016-5-18 11:00:00|2016-5-18 11:00:00| $194.90 
47|VALERIA ROSALES PADILLA|usuario47|usuario47@mail.com|||$2y$10$.3NQ9Wn0CBPFvPM.eUkzIOIdY86T9YOK.yxbITaxRmAm6oP4YSbU6|propietario|1|||2016-5-18 11:00:00|2016-5-18 11:00:00| $164.66 
48|ENRICO GUIDI|usuario48|usuario48@mail.com|||$2y$10$.3NQ9Wn0CBPFvPM.eUkzIOIdY86T9YOK.yxbITaxRmAm6oP4YSbU6|propietario|1|||2016-5-18 11:00:00|2016-5-18 11:00:00| $150.84 
49|OSCAR LAHUERTA ALMAZAN, CELIA LAHUERTA ALMAZAN|usuario49|usuario49@mail.com|||$2y$10$.3NQ9Wn0CBPFvPM.eUkzIOIdY86T9YOK.yxbITaxRmAm6oP4YSbU6|propietario|1|||2016-5-18 11:00:00|2016-5-18 11:00:00| $187.67 
50|SHI LU CHEN, KATIA CHEN ZHENG|usuario50|usuario50@mail.com|||$2y$10$.3NQ9Wn0CBPFvPM.eUkzIOIdY86T9YOK.yxbITaxRmAm6oP4YSbU6|propietario|1|||2016-5-18 11:00:00|2016-5-18 11:00:00| $188.22 
51|DESIREE DE LA ESPIRELLA|usuario51|usuario51@mail.com|||$2y$10$.3NQ9Wn0CBPFvPM.eUkzIOIdY86T9YOK.yxbITaxRmAm6oP4YSbU6|propietario|1|||2016-5-18 11:00:00|2016-5-18 11:00:00| $150.53 
52|INDIRA ODILIA RICHARDS RUIZ, VERNE GILMORE RICHARDS HEWITT|usuario52|usuario52@mail.com|||$2y$10$.3NQ9Wn0CBPFvPM.eUkzIOIdY86T9YOK.yxbITaxRmAm6oP4YSbU6|propietario|1|||2016-5-18 11:00:00|2016-5-18 11:00:00| $150.84 
53|THE SEAWAVES 19A CORP.|usuario53|usuario53@mail.com|||$2y$10$.3NQ9Wn0CBPFvPM.eUkzIOIdY86T9YOK.yxbITaxRmAm6oP4YSbU6|propietario|1|||2016-5-18 11:00:00|2016-5-18 11:00:00| $187.67 
54|THE SEAWAVES 19.B CORP.|usuario54|usuario54@mail.com|||$2y$10$.3NQ9Wn0CBPFvPM.eUkzIOIdY86T9YOK.yxbITaxRmAm6oP4YSbU6|propietario|1|||2016-5-18 11:00:00|2016-5-18 11:00:00| $188.22 
55|SIMA SW,S.A|usuario55|usuario55@mail.com|||$2y$10$.3NQ9Wn0CBPFvPM.eUkzIOIdY86T9YOK.yxbITaxRmAm6oP4YSbU6|propietario|1|||2016-5-18 11:00:00|2016-5-18 11:00:00| $150.53 
56|FUNDACION LOS CANEYES|usuario56|usuario56@mail.com|||$2y$10$.3NQ9Wn0CBPFvPM.eUkzIOIdY86T9YOK.yxbITaxRmAm6oP4YSbU6|propietario|1|||2016-5-18 11:00:00|2016-5-18 11:00:00| $150.84 
57|VALDIR ALFONSO MONTUFAR BARRERA|usuario57|usuario57@mail.com|||$2y$10$.3NQ9Wn0CBPFvPM.eUkzIOIdY86T9YOK.yxbITaxRmAm6oP4YSbU6|propietario|1|||2016-5-18 11:00:00|2016-5-18 11:00:00| $187.67 
58|MARIA DE LA LUZ LEAL QUINTANILLA, ROLANDO GABRIEL ABREGO BAL|usuario58|usuario58@mail.com|||$2y$10$.3NQ9Wn0CBPFvPM.eUkzIOIdY86T9YOK.yxbITaxRmAm6oP4YSbU6|propietario|1|||2016-5-18 11:00:00|2016-5-18 11:00:00| $188.22 
59|EDWIN ABDIEL CEDEÑO VILLARREAL|usuario59|usuario59@mail.com|||$2y$10$.3NQ9Wn0CBPFvPM.eUkzIOIdY86T9YOK.yxbITaxRmAm6oP4YSbU6|propietario|1|||2016-5-18 11:00:00|2016-5-18 11:00:00| $150.53 
60|ANA MAE DELGADO ALVARADO|usuario60|usuario60@mail.com|||$2y$10$.3NQ9Wn0CBPFvPM.eUkzIOIdY86T9YOK.yxbITaxRmAm6oP4YSbU6|propietario|1|||2016-5-18 11:00:00|2016-5-18 11:00:00| $150.84 
61|WAVES 21,A., S.A.|usuario61|usuario61@mail.com|||$2y$10$.3NQ9Wn0CBPFvPM.eUkzIOIdY86T9YOK.yxbITaxRmAm6oP4YSbU6|propietario|1|||2016-5-18 11:00:00|2016-5-18 11:00:00| $187.67 
62|JOSE ANTONIO LORENZO PALMA, GABRIELA ELISA APARICIO OSES|usuario62|usuario62@mail.com|||$2y$10$.3NQ9Wn0CBPFvPM.eUkzIOIdY86T9YOK.yxbITaxRmAm6oP4YSbU6|propietario|1|||2016-5-18 11:00:00|2016-5-18 11:00:00| $188.22 
63|SINAN OKUR|usuario63|usuario63@mail.com|||$2y$10$.3NQ9Wn0CBPFvPM.eUkzIOIdY86T9YOK.yxbITaxRmAm6oP4YSbU6|propietario|1|||2016-5-18 11:00:00|2016-5-18 11:00:00| $150.53 
64|QIN HONG SUN, MEIXIAN ZHANG|usuario64|usuario64@mail.com|||$2y$10$.3NQ9Wn0CBPFvPM.eUkzIOIdY86T9YOK.yxbITaxRmAm6oP4YSbU6|propietario|1|||2016-5-18 11:00:00|2016-5-18 11:00:00| $150.84 
65|FUNDACION TORRIMAE|usuario65|usuario65@mail.com|||$2y$10$.3NQ9Wn0CBPFvPM.eUkzIOIdY86T9YOK.yxbITaxRmAm6oP4YSbU6|propietario|1|||2016-5-18 11:00:00|2016-5-18 11:00:00| $187.67 
66|THE SEAWAVES 22B CORP.|usuario66|usuario66@mail.com|||$2y$10$.3NQ9Wn0CBPFvPM.eUkzIOIdY86T9YOK.yxbITaxRmAm6oP4YSbU6|propietario|1|||2016-5-18 11:00:00|2016-5-18 11:00:00| $188.22 
67|PROMOTORA CARIBE,S.A.|usuario67|usuario67@mail.com|||$2y$10$.3NQ9Wn0CBPFvPM.eUkzIOIdY86T9YOK.yxbITaxRmAm6oP4YSbU6|propietario|1|||2016-5-18 11:00:00|2016-5-18 11:00:00| $150.53 
68|RAFAEL GUARISMA AGUILAR|usuario68|usuario68@mail.com|||$2y$10$.3NQ9Wn0CBPFvPM.eUkzIOIdY86T9YOK.yxbITaxRmAm6oP4YSbU6|propietario|1|||2016-5-18 11:00:00|2016-5-18 11:00:00| $150.84 
69|ROFUER FOUNDATION.|usuario69|usuario69@mail.com|||$2y$10$.3NQ9Wn0CBPFvPM.eUkzIOIdY86T9YOK.yxbITaxRmAm6oP4YSbU6|propietario|1|||2016-5-18 11:00:00|2016-5-18 11:00:00| $187.67 
70|PROMOTORA CARIBE, S.A.|usuario70|usuario70@mail.com|||$2y$10$.3NQ9Wn0CBPFvPM.eUkzIOIdY86T9YOK.yxbITaxRmAm6oP4YSbU6|propietario|1|||2016-5-18 11:00:00|2016-5-18 11:00:00| $188.22 
71|ESTEBAN SEBASTIAN GARCIA., MARINA PAULA JUANES|usuario71|usuario71@mail.com|||$2y$10$.3NQ9Wn0CBPFvPM.eUkzIOIdY86T9YOK.yxbITaxRmAm6oP4YSbU6|propietario|1|||2016-5-18 11:00:00|2016-5-18 11:00:00| $150.53 
72|MARCO ANTONIO BARREIRO CONTIN|usuario72|usuario72@mail.com|||$2y$10$.3NQ9Wn0CBPFvPM.eUkzIOIdY86T9YOK.yxbITaxRmAm6oP4YSbU6|propietario|1|||2016-5-18 11:00:00|2016-5-18 11:00:00| $150.84 
73|GILDA MIRELLA MARTINEZ DE DE LA GUARDIA|usuario73|usuario73@mail.com|||$2y$10$.3NQ9Wn0CBPFvPM.eUkzIOIdY86T9YOK.yxbITaxRmAm6oP4YSbU6|propietario|1|||2016-5-18 11:00:00|2016-5-18 11:00:00| $194.22 
74|SW RENTAL, S.A.|usuario74|usuario74@mail.com|||$2y$10$.3NQ9Wn0CBPFvPM.eUkzIOIdY86T9YOK.yxbITaxRmAm6oP4YSbU6|propietario|1|||2016-5-18 11:00:00|2016-5-18 11:00:00| $194.90 
75|ROBERTO BENI AYERBE, LAURA ESTEBAN AGUDO|usuario75|usuario75@mail.com|||$2y$10$.3NQ9Wn0CBPFvPM.eUkzIOIdY86T9YOK.yxbITaxRmAm6oP4YSbU6|propietario|1|||2016-5-18 11:00:00|2016-5-18 11:00:00| $153.27 
76|ANDREA DE RISI|usuario76|usuario76@mail.com|||$2y$10$.3NQ9Wn0CBPFvPM.eUkzIOIdY86T9YOK.yxbITaxRmAm6oP4YSbU6|propietario|1|||2016-5-18 11:00:00|2016-5-18 11:00:00| $167.45 
77|GERMAN IGNACIO TORRES, ZORAIDA RODRIGUEZ DE TORRES|usuario77|usuario77@mail.com|||$2y$10$.3NQ9Wn0CBPFvPM.eUkzIOIdY86T9YOK.yxbITaxRmAm6oP4YSbU6|propietario|1|||2016-5-18 11:00:00|2016-5-18 11:00:00| $194.22 
78|HENRICUS PETRUS JOHANNES MARIA LEIJTEN, GLADYS HURTADO MUÑOZ|usuario78|usuario78@mail.com|||$2y$10$.3NQ9Wn0CBPFvPM.eUkzIOIdY86T9YOK.yxbITaxRmAm6oP4YSbU6|propietario|1|||2016-5-18 11:00:00|2016-5-18 11:00:00| $194.90 
79|OLAS 25 C, S.A.|usuario79|usuario79@mail.com|||$2y$10$.3NQ9Wn0CBPFvPM.eUkzIOIdY86T9YOK.yxbITaxRmAm6oP4YSbU6|propietario|1|||2016-5-18 11:00:00|2016-5-18 11:00:00| $153.27 
80|THE SEAWAVES 25D,S.A|usuario80|usuario80@mail.com|||$2y$10$.3NQ9Wn0CBPFvPM.eUkzIOIdY86T9YOK.yxbITaxRmAm6oP4YSbU6|propietario|1|||2016-5-18 11:00:00|2016-5-18 11:00:00| $167.45 
81|MARICEL GARRIDO DE VARGAS, PASCUAL BARBARO VARGAS VILLAR|usuario81|usuario81@mail.com|||$2y$10$.3NQ9Wn0CBPFvPM.eUkzIOIdY86T9YOK.yxbITaxRmAm6oP4YSbU6|propietario|1|||2016-5-18 11:00:00|2016-5-18 11:00:00| $194.22 
82|GABRIELA ALEGRE PANAY|usuario82|usuario82@mail.com|||$2y$10$.3NQ9Wn0CBPFvPM.eUkzIOIdY86T9YOK.yxbITaxRmAm6oP4YSbU6|propietario|1|||2016-5-18 11:00:00|2016-5-18 11:00:00| $194.90 
83|PANSEA, INC.|usuario83|usuario83@mail.com|||$2y$10$.3NQ9Wn0CBPFvPM.eUkzIOIdY86T9YOK.yxbITaxRmAm6oP4YSbU6|propietario|1|||2016-5-18 11:00:00|2016-5-18 11:00:00| $150.53 
84|DANIEL ESTEBAN MENDOZA, JOHANNA MARIA HERRERA MARINO|usuario84|usuario84@mail.com|||$2y$10$.3NQ9Wn0CBPFvPM.eUkzIOIdY86T9YOK.yxbITaxRmAm6oP4YSbU6|propietario|1|||2016-5-18 11:00:00|2016-5-18 11:00:00| $150.84 
85|OSCAR RONALDO LEON OLIVA|usuario85|usuario85@mail.com|||$2y$10$.3NQ9Wn0CBPFvPM.eUkzIOIdY86T9YOK.yxbITaxRmAm6oP4YSbU6|propietario|1|||2016-5-18 11:00:00|2016-5-18 11:00:00| $187.67 
86|LADY BIVIANA EUSSE TANGARIFE|usuario86|usuario86@mail.com|||$2y$10$.3NQ9Wn0CBPFvPM.eUkzIOIdY86T9YOK.yxbITaxRmAm6oP4YSbU6|propietario|1|||2016-5-18 11:00:00|2016-5-18 11:00:00| $188.22 
87|PATEL MOHANBHAI JERAM, AMAR MOHANBHAI PATEL|usuario87|usuario87@mail.com|||$2y$10$.3NQ9Wn0CBPFvPM.eUkzIOIdY86T9YOK.yxbITaxRmAm6oP4YSbU6|propietario|1|||2016-5-18 11:00:00|2016-5-18 11:00:00| $150.53 
88|FUNDACION MIGFRE2009|usuario88|usuario88@mail.com|||$2y$10$.3NQ9Wn0CBPFvPM.eUkzIOIdY86T9YOK.yxbITaxRmAm6oP4YSbU6|propietario|1|||2016-5-18 11:00:00|2016-5-18 11:00:00| $150.84 
89|MARIA LUCIA AMEGLIO VELASQUEZ|usuario89|usuario89@mail.com|||$2y$10$.3NQ9Wn0CBPFvPM.eUkzIOIdY86T9YOK.yxbITaxRmAm6oP4YSbU6|propietario|1|||2016-5-18 11:00:00|2016-5-18 11:00:00| $187.67 
90|BETSY CRITINA VAN PRAAG BRACHO|usuario90|usuario90@mail.com|||$2y$10$.3NQ9Wn0CBPFvPM.eUkzIOIdY86T9YOK.yxbITaxRmAm6oP4YSbU6|propietario|1|||2016-5-18 11:00:00|2016-5-18 11:00:00| $188.22 
91|AGUSTIN LISANDRO LOPEZ TORRES|usuario91|usuario91@mail.com|||$2y$10$.3NQ9Wn0CBPFvPM.eUkzIOIdY86T9YOK.yxbITaxRmAm6oP4YSbU6|propietario|1|||2016-5-18 11:00:00|2016-5-18 11:00:00| $150.53 
92|OMAIRA MICHELLE RODRIGUEZ DORATI, ROBERTO GONZALEZ JIMENEZ|usuario92|usuario92@mail.com|||$2y$10$.3NQ9Wn0CBPFvPM.eUkzIOIdY86T9YOK.yxbITaxRmAm6oP4YSbU6|propietario|1|||2016-5-18 11:00:00|2016-5-18 11:00:00| $150.84 
93|EDGARDO GALARZA ALTAMIRANDA, LUCIA MARGARITA RUSSO DE GALARZA|usuario93|usuario93@mail.com|||$2y$10$.3NQ9Wn0CBPFvPM.eUkzIOIdY86T9YOK.yxbITaxRmAm6oP4YSbU6|propietario|1|||2016-5-18 11:00:00|2016-5-18 11:00:00| $187.67 
94|DIPAKKUMAR RAMANLAL PATEL|usuario94|usuario94@mail.com|||$2y$10$.3NQ9Wn0CBPFvPM.eUkzIOIdY86T9YOK.yxbITaxRmAm6oP4YSbU6|propietario|1|||2016-5-18 11:00:00|2016-5-18 11:00:00| $188.22 
95|JONATHAN JONES|usuario95|usuario95@mail.com|||$2y$10$.3NQ9Wn0CBPFvPM.eUkzIOIdY86T9YOK.yxbITaxRmAm6oP4YSbU6|propietario|1|||2016-5-18 11:00:00|2016-5-18 11:00:00| $150.53 
96|ASIANATLANTIC INVESTMENTS, CORP.|usuario96|usuario96@mail.com|||$2y$10$.3NQ9Wn0CBPFvPM.eUkzIOIdY86T9YOK.yxbITaxRmAm6oP4YSbU6|propietario|1|||2016-5-18 11:00:00|2016-5-18 11:00:00| $150.84 
97|FUNDACION LAXMI NARAYANA|usuario97|usuario97@mail.com|||$2y$10$.3NQ9Wn0CBPFvPM.eUkzIOIdY86T9YOK.yxbITaxRmAm6oP4YSbU6|propietario|1|||2016-5-18 11:00:00|2016-5-18 11:00:00| $187.67 
98|ECO CORPORATION.|usuario98|usuario98@mail.com|||$2y$10$.3NQ9Wn0CBPFvPM.eUkzIOIdY86T9YOK.yxbITaxRmAm6oP4YSbU6|propietario|1|||2016-5-18 11:00:00|2016-5-18 11:00:00| $188.22 
99|BLANCA NIEVES FLAMMIA|usuario99|usuario99@mail.com|||$2y$10$.3NQ9Wn0CBPFvPM.eUkzIOIdY86T9YOK.yxbITaxRmAm6oP4YSbU6|propietario|1|||2016-5-18 11:00:00|2016-5-18 11:00:00| $150.53 
100|FUNDACION EL NIÑO SANTO DE MAHOU|usuario100|usuario100@mail.com|||$2y$10$.3NQ9Wn0CBPFvPM.eUkzIOIdY86T9YOK.yxbITaxRmAm6oP4YSbU6|propietario|1|||2016-5-18 11:00:00|2016-5-18 11:00:00| $150.84 
101|SEAWAVES 31A,S.A.|usuario101|usuario101@mail.com|||$2y$10$.3NQ9Wn0CBPFvPM.eUkzIOIdY86T9YOK.yxbITaxRmAm6oP4YSbU6|propietario|1|||2016-5-18 11:00:00|2016-5-18 11:00:00| $187.67 
102|SW RENTAL, S.A.|usuario102|usuario102@mail.com|||$2y$10$.3NQ9Wn0CBPFvPM.eUkzIOIdY86T9YOK.yxbITaxRmAm6oP4YSbU6|propietario|1|||2016-5-18 11:00:00|2016-5-18 11:00:00| $188.22 
103|KRYZA III, CORP.|usuario103|usuario103@mail.com|||$2y$10$.3NQ9Wn0CBPFvPM.eUkzIOIdY86T9YOK.yxbITaxRmAm6oP4YSbU6|propietario|1|||2016-5-18 11:00:00|2016-5-18 11:00:00| $150.53 
104|ANDIN CORP.,|usuario104|usuario104@mail.com|||$2y$10$.3NQ9Wn0CBPFvPM.eUkzIOIdY86T9YOK.yxbITaxRmAm6oP4YSbU6|propietario|1|||2016-5-18 11:00:00|2016-5-18 11:00:00| $150.84 
105|OSCAR LAHUERTA ALMAZAN, CELIA LAHUERTA ALMAZAN|usuario105|usuario105@mail.com|||$2y$10$.3NQ9Wn0CBPFvPM.eUkzIOIdY86T9YOK.yxbITaxRmAm6oP4YSbU6|propietario|1|||2016-5-18 11:00:00|2016-5-18 11:00:00| $188.09 
106|THE SEAWAVES 32B, CORP.|usuario106|usuario106@mail.com|||$2y$10$.3NQ9Wn0CBPFvPM.eUkzIOIdY86T9YOK.yxbITaxRmAm6oP4YSbU6|propietario|1|||2016-5-18 11:00:00|2016-5-18 11:00:00| $188.76 
107|YAZMINA ELVIRA ESCOBAR DAVID|usuario107|usuario107@mail.com|||$2y$10$.3NQ9Wn0CBPFvPM.eUkzIOIdY86T9YOK.yxbITaxRmAm6oP4YSbU6|propietario|1|||2016-5-18 11:00:00|2016-5-18 11:00:00| $154.04 
108|ALICIA HAYDEE NAVEYRA|usuario108|usuario108@mail.com|||$2y$10$.3NQ9Wn0CBPFvPM.eUkzIOIdY86T9YOK.yxbITaxRmAm6oP4YSbU6|propietario|1|||2016-5-18 11:00:00|2016-5-18 11:00:00| $145.58 
109|MANUEL HABDUL APOLAYO ALVARENGA|usuario109|usuario109@mail.com|||$2y$10$.3NQ9Wn0CBPFvPM.eUkzIOIdY86T9YOK.yxbITaxRmAm6oP4YSbU6|propietario|1|||2016-5-18 11:00:00|2016-5-18 11:00:00| $188.09 
110|EDGAR SANTIAGO PUJOL, CARMEN CECILIA FUENTES MONTENEGRO DE SANTIAGO|usuario110|usuario110@mail.com|||$2y$10$.3NQ9Wn0CBPFvPM.eUkzIOIdY86T9YOK.yxbITaxRmAm6oP4YSbU6|propietario|1|||2016-5-18 11:00:00|2016-5-18 11:00:00| $188.76 
111|KARINA GONZALEZ CAMAÑO|usuario111|usuario111@mail.com|||$2y$10$.3NQ9Wn0CBPFvPM.eUkzIOIdY86T9YOK.yxbITaxRmAm6oP4YSbU6|propietario|1|||2016-5-18 11:00:00|2016-5-18 11:00:00| $154.04 
112|ALEJANDRO DE LA ROSA OCAÑA|usuario112|usuario112@mail.com|||$2y$10$.3NQ9Wn0CBPFvPM.eUkzIOIdY86T9YOK.yxbITaxRmAm6oP4YSbU6|propietario|1|||2016-5-18 11:00:00|2016-5-18 11:00:00| $145.58 
113|CCB TRUST CORP|usuario113|usuario113@mail.com|||$2y$10$.3NQ9Wn0CBPFvPM.eUkzIOIdY86T9YOK.yxbITaxRmAm6oP4YSbU6|propietario|1|||2016-5-18 11:00:00|2016-5-18 11:00:00| $188.09 
114|SEAWAVES, 34 B, S.A.|usuario114|usuario114@mail.com|||$2y$10$.3NQ9Wn0CBPFvPM.eUkzIOIdY86T9YOK.yxbITaxRmAm6oP4YSbU6|propietario|1|||2016-5-18 11:00:00|2016-5-18 11:00:00| $188.22 
115|LASIKO INTERNATIONAL S.A.|usuario115|usuario115@mail.com|||$2y$10$.3NQ9Wn0CBPFvPM.eUkzIOIdY86T9YOK.yxbITaxRmAm6oP4YSbU6|propietario|1|||2016-5-18 11:00:00|2016-5-18 11:00:00| $150.53 
116|OLAS 34D, S.A.|usuario116|usuario116@mail.com|||$2y$10$.3NQ9Wn0CBPFvPM.eUkzIOIdY86T9YOK.yxbITaxRmAm6oP4YSbU6|propietario|1|||2016-5-18 11:00:00|2016-5-18 11:00:00| $150.84 
117|SEAWAVES 35A, S.A.|usuario117|usuario117@mail.com|||$2y$10$.3NQ9Wn0CBPFvPM.eUkzIOIdY86T9YOK.yxbITaxRmAm6oP4YSbU6|propietario|1|||2016-5-18 11:00:00|2016-5-18 11:00:00| $187.67 
118|SEAWAVES 35B,S.A.|usuario118|usuario118@mail.com|||$2y$10$.3NQ9Wn0CBPFvPM.eUkzIOIdY86T9YOK.yxbITaxRmAm6oP4YSbU6|propietario|1|||2016-5-18 11:00:00|2016-5-18 11:00:00| $188.22 
119|EH INTERNATIONAL FOUNDATION.|usuario119|usuario119@mail.com|||$2y$10$.3NQ9Wn0CBPFvPM.eUkzIOIdY86T9YOK.yxbITaxRmAm6oP4YSbU6|propietario|1|||2016-5-18 11:00:00|2016-5-18 11:00:00| $150.53 
120|SW SEABIRD, S.A.|usuario120|usuario120@mail.com|||$2y$10$.3NQ9Wn0CBPFvPM.eUkzIOIdY86T9YOK.yxbITaxRmAm6oP4YSbU6|propietario|1|||2016-5-18 11:00:00|2016-5-18 11:00:00| $150.84 
121|SEAWAVES 36A,S.A.|usuario121|usuario121@mail.com|||$2y$10$.3NQ9Wn0CBPFvPM.eUkzIOIdY86T9YOK.yxbITaxRmAm6oP4YSbU6|propietario|1|||2016-5-18 11:00:00|2016-5-18 11:00:00| $187.67 
122|SEAWAVES 36B,S.A.|usuario122|usuario122@mail.com|||$2y$10$.3NQ9Wn0CBPFvPM.eUkzIOIdY86T9YOK.yxbITaxRmAm6oP4YSbU6|propietario|1|||2016-5-18 11:00:00|2016-5-18 11:00:00| $188.22 
123|ANDREA MENEGATI., GLOBAL VILLAGE FOUNDATION|usuario123|usuario123@mail.com|||$2y$10$.3NQ9Wn0CBPFvPM.eUkzIOIdY86T9YOK.yxbITaxRmAm6oP4YSbU6|propietario|1|||2016-5-18 11:00:00|2016-5-18 11:00:00| $150.53 
124|OLAS 36 D,S.A.|usuario124|usuario124@mail.com|||$2y$10$.3NQ9Wn0CBPFvPM.eUkzIOIdY86T9YOK.yxbITaxRmAm6oP4YSbU6|propietario|1|||2016-5-18 11:00:00|2016-5-18 11:00:00| $150.84 
125|SEAWAVES 37A,S.A.|usuario125|usuario125@mail.com|||$2y$10$.3NQ9Wn0CBPFvPM.eUkzIOIdY86T9YOK.yxbITaxRmAm6oP4YSbU6|propietario|1|||2016-5-18 11:00:00|2016-5-18 11:00:00| $187.67 
126|LORNA ELIZABETH JENKINS SANCHEZ|usuario126|usuario126@mail.com|||$2y$10$.3NQ9Wn0CBPFvPM.eUkzIOIdY86T9YOK.yxbITaxRmAm6oP4YSbU6|propietario|1|||2016-5-18 11:00:00|2016-5-18 11:00:00| $188.22 
127|SW SEAMOON, S.A.|usuario127|usuario127@mail.com|||$2y$10$.3NQ9Wn0CBPFvPM.eUkzIOIdY86T9YOK.yxbITaxRmAm6oP4YSbU6|propietario|1|||2016-5-18 11:00:00|2016-5-18 11:00:00| $150.53 
128|SW SEARAY, S.A.|usuario128|usuario128@mail.com|||$2y$10$.3NQ9Wn0CBPFvPM.eUkzIOIdY86T9YOK.yxbITaxRmAm6oP4YSbU6|propietario|1|||2016-5-18 11:00:00|2016-5-18 11:00:00| $150.84 
129|GLOBAL FINANCIAL FUNDS CORP.|usuario129|usuario129@mail.com|||$2y$10$.3NQ9Wn0CBPFvPM.eUkzIOIdY86T9YOK.yxbITaxRmAm6oP4YSbU6|propietario|1|||2016-5-18 11:00:00|2016-5-18 11:00:00| $187.67 
130|MARCO ANTONIO BATISTA FERNANDEZ, MARIA JOSE LEAL DE BATISTA|usuario130|usuario130@mail.com|||$2y$10$.3NQ9Wn0CBPFvPM.eUkzIOIdY86T9YOK.yxbITaxRmAm6oP4YSbU6|propietario|1|||2016-5-18 11:00:00|2016-5-18 11:00:00| $188.22 
131|INVERSIONES CATEVE S.A.|usuario131|usuario131@mail.com|||$2y$10$.3NQ9Wn0CBPFvPM.eUkzIOIdY86T9YOK.yxbITaxRmAm6oP4YSbU6|propietario|1|||2016-5-18 11:00:00|2016-5-18 11:00:00| $150.53 
132|FUNDACION CAMINO DE CRUCES|usuario132|usuario132@mail.com|||$2y$10$.3NQ9Wn0CBPFvPM.eUkzIOIdY86T9YOK.yxbITaxRmAm6oP4YSbU6|propietario|1|||2016-5-18 11:00:00|2016-5-18 11:00:00| $150.84 
133|PROMOTORA CARIBE, S.A.|usuario133|usuario133@mail.com|||$2y$10$.3NQ9Wn0CBPFvPM.eUkzIOIdY86T9YOK.yxbITaxRmAm6oP4YSbU6|propietario|1|||2016-5-18 11:00:00|2016-5-18 11:00:00| $187.67 
134|RAFAEL GONZALEZ FERNANDEZ PACHECO|usuario134|usuario134@mail.com|||$2y$10$.3NQ9Wn0CBPFvPM.eUkzIOIdY86T9YOK.yxbITaxRmAm6oP4YSbU6|propietario|1|||2016-5-18 11:00:00|2016-5-18 11:00:00| $188.22 
135|HABITACULOS ,DISEÑO & ARQUITECTURA,S.A.|usuario135|usuario135@mail.com|||$2y$10$.3NQ9Wn0CBPFvPM.eUkzIOIdY86T9YOK.yxbITaxRmAm6oP4YSbU6|propietario|1|||2016-5-18 11:00:00|2016-5-18 11:00:00| $150.53 
136|JONATHAN JONES|usuario136|usuario136@mail.com|||$2y$10$.3NQ9Wn0CBPFvPM.eUkzIOIdY86T9YOK.yxbITaxRmAm6oP4YSbU6|propietario|1|||2016-5-18 11:00:00|2016-5-18 11:00:00| $150.84 
137|THE SEAWAVES 40A,CORP.|usuario137|usuario137@mail.com|||$2y$10$.3NQ9Wn0CBPFvPM.eUkzIOIdY86T9YOK.yxbITaxRmAm6oP4YSbU6|propietario|1|||2016-5-18 11:00:00|2016-5-18 11:00:00| $187.67 
138|PRAVIN RAMBHAI PATEL|usuario138|usuario138@mail.com|||$2y$10$.3NQ9Wn0CBPFvPM.eUkzIOIdY86T9YOK.yxbITaxRmAm6oP4YSbU6|propietario|1|||2016-5-18 11:00:00|2016-5-18 11:00:00| $188.22 
139|HAYDEE CASTRO VALDES|usuario139|usuario139@mail.com|||$2y$10$.3NQ9Wn0CBPFvPM.eUkzIOIdY86T9YOK.yxbITaxRmAm6oP4YSbU6|propietario|1|||2016-5-18 11:00:00|2016-5-18 11:00:00| $150.53 
140|OSCAR LAHUERTA ALMANZAN, CELIA LAHUERTA ALMANZAN|usuario140|usuario140@mail.com|||$2y$10$.3NQ9Wn0CBPFvPM.eUkzIOIdY86T9YOK.yxbITaxRmAm6oP4YSbU6|propietario|1|||2016-5-18 11:00:00|2016-5-18 11:00:00| $150.84 
141|PROMOTORA CARIBE,S.A.|usuario141|usuario141@mail.com|||$2y$10$.3NQ9Wn0CBPFvPM.eUkzIOIdY86T9YOK.yxbITaxRmAm6oP4YSbU6|propietario|1|||2016-5-18 11:00:00|2016-5-18 11:00:00| $185.46 
142|VINCENZO MAZZONE|usuario142|usuario142@mail.com|||$2y$10$.3NQ9Wn0CBPFvPM.eUkzIOIdY86T9YOK.yxbITaxRmAm6oP4YSbU6|propietario|1|||2016-5-18 11:00:00|2016-5-18 11:00:00| $154.73 
143|CARLOS ALBERTO SUAREZ PULIDO, MARTHA LUCIA MARTAN ESTRADA|usuario143|usuario143@mail.com|||$2y$10$.3NQ9Wn0CBPFvPM.eUkzIOIdY86T9YOK.yxbITaxRmAm6oP4YSbU6|propietario|1|||2016-5-18 11:00:00|2016-5-18 11:00:00| $205.85 
144|PANAMA RICA, S.A.|usuario144|usuario144@mail.com|||$2y$10$.3NQ9Wn0CBPFvPM.eUkzIOIdY86T9YOK.yxbITaxRmAm6oP4YSbU6|propietario|1|||2016-5-18 11:00:00|2016-5-18 11:00:00| $168.98 
145|CAPITAL TRUST & FINANCE, INC.|usuario145|usuario145@mail.com|||$2y$10$.3NQ9Wn0CBPFvPM.eUkzIOIdY86T9YOK.yxbITaxRmAm6oP4YSbU6|propietario|1|||2016-5-18 11:00:00|2016-5-18 11:00:00| $205.85 
146|ARTURO ROGELIO HENDRICKS CHAVANNES|usuario146|usuario146@mail.com|||$2y$10$.3NQ9Wn0CBPFvPM.eUkzIOIdY86T9YOK.yxbITaxRmAm6oP4YSbU6|propietario|1|||2016-5-18 11:00:00|2016-5-18 11:00:00| $168.98 
147|CELLARIS INTERNATIONAL.|usuario147|usuario147@mail.com|||$2y$10$.3NQ9Wn0CBPFvPM.eUkzIOIdY86T9YOK.yxbITaxRmAm6oP4YSbU6|propietario|1|||2016-5-18 11:00:00|2016-5-18 11:00:00| $205.85 
148|JOSEPH KOCEVAR|usuario148|usuario148@mail.com|||$2y$10$.3NQ9Wn0CBPFvPM.eUkzIOIdY86T9YOK.yxbITaxRmAm6oP4YSbU6|propietario|1|||2016-5-18 11:00:00|2016-5-18 11:00:00| $168.98 
149|FRANCESCO RAGONA|usuario149|usuario149@mail.com|||$2y$10$.3NQ9Wn0CBPFvPM.eUkzIOIdY86T9YOK.yxbITaxRmAm6oP4YSbU6|propietario|1|||2016-5-18 11:00:00|2016-5-18 11:00:00| $205.85 
150|HEDY SANDRA GRIMALDO ARENAS, LUIS FERNANDO ESPARZA GRIMALDO|usuario150|usuario150@mail.com|||$2y$10$.3NQ9Wn0CBPFvPM.eUkzIOIdY86T9YOK.yxbITaxRmAm6oP4YSbU6|propietario|1|||2016-5-18 11:00:00|2016-5-18 11:00:00| $168.98 
151|none|usuario151|usuario151@mail.com|||$2y$10$.3NQ9Wn0CBPFvPM.eUkzIOIdY86T9YOK.yxbITaxRmAm6oP4YSbU6|propietario|1|||2016-5-18 11:00:00|2016-5-18 11:00:00| $351.53 
152|none|usuario152|usuario152@mail.com|||$2y$10$.3NQ9Wn0CBPFvPM.eUkzIOIdY86T9YOK.yxbITaxRmAm6oP4YSbU6|propietario|1|||2016-5-18 11:00:00|2016-5-18 11:00:00| $341.85 
153|none|usuario153|usuario153@mail.com|||$2y$10$.3NQ9Wn0CBPFvPM.eUkzIOIdY86T9YOK.yxbITaxRmAm6oP4YSbU6|propietario|1|||2016-5-18 11:00:00|2016-5-18 11:00:00| $341.85 
154|none|usuario154|usuario154@mail.com|||$2y$10$.3NQ9Wn0CBPFvPM.eUkzIOIdY86T9YOK.yxbITaxRmAm6oP4YSbU6|propietario|1|||2016-5-18 11:00:00|2016-5-18 11:00:00| $341.85 
155|none|usuario155|usuario155@mail.com|||$2y$10$.3NQ9Wn0CBPFvPM.eUkzIOIdY86T9YOK.yxbITaxRmAm6oP4YSbU6|propietario|1|||2016-5-18 11:00:00|2016-5-18 11:00:00| $341.85 
156|none|usuario156|usuario156@mail.com|||$2y$10$.3NQ9Wn0CBPFvPM.eUkzIOIdY86T9YOK.yxbITaxRmAm6oP4YSbU6|propietario|1|||2016-5-18 11:00:00|2016-5-18 11:00:00| $341.85 
157|none|usuario157|usuario157@mail.com|||$2y$10$.3NQ9Wn0CBPFvPM.eUkzIOIdY86T9YOK.yxbITaxRmAm6oP4YSbU6|propietario|1|||2016-5-18 11:00:00|2016-5-18 11:00:00| $277.35 
158|none|usuario158|usuario158@mail.com|||$2y$10$.3NQ9Wn0CBPFvPM.eUkzIOIdY86T9YOK.yxbITaxRmAm6oP4YSbU6|propietario|1|||2016-5-18 11:00:00|2016-5-18 11:00:00| $277.35 
159|none|usuario159|usuario159@mail.com|||$2y$10$.3NQ9Wn0CBPFvPM.eUkzIOIdY86T9YOK.yxbITaxRmAm6oP4YSbU6|propietario|1|||2016-5-18 11:00:00|2016-5-18 11:00:00| $334.28 
160|none|usuario160|usuario160@mail.com|||$2y$10$.3NQ9Wn0CBPFvPM.eUkzIOIdY86T9YOK.yxbITaxRmAm6oP4YSbU6|propietario|1|||2016-5-18 11:00:00|2016-5-18 11:00:00| $370.18 
